Person Type,Phase,Position,Name,Email,Admin Password,Homeowner Password,Notes
Superadmin,Superadmin,Superadmin,System Superadmin,superadmin@gmail.com,12345678,,Admin login only
Officer + Homeowner,Phase 1,President,Adrian M. Reyes,p1.president@hoa.local,12345678,password1234,Same person exists in admins + homeowners + hoa_officers + homeowner_positions
Officer + Homeowner,Phase 1,Vice President,Bianca L. Santos,p1.vicepresident@hoa.local,12345678,password1234,Same person exists in admins + homeowners + hoa_officers + homeowner_positions
Officer + Homeowner,Phase 1,Secretary,Carlo D. Mendoza,p1.secretary@hoa.local,12345678,password1234,Same person exists in admins + homeowners + hoa_officers + homeowner_positions
Officer + Homeowner,Phase 1,Treasurer,Diana P. Cruz,p1.treasurer@hoa.local,12345678,password1234,Same person exists in admins + homeowners + hoa_officers + homeowner_positions
Officer + Homeowner,Phase 1,Auditor,Ethan R. Flores,p1.auditor@hoa.local,12345678,password1234,Same person exists in admins + homeowners + hoa_officers + homeowner_positions
Officer + Homeowner,Phase 1,Board of Director,Fiona G. Garcia,p1.board1@hoa.local,12345678,password1234,Same person exists in admins + homeowners + hoa_officers + homeowner_positions
Officer + Homeowner,Phase 1,Board of Director,Gabriel T. Navarro,p1.board2@hoa.local,12345678,password1234,Same person exists in admins + homeowners + hoa_officers + homeowner_positions
Officer + Homeowner,Phase 1,Board of Director,Hannah C. Lim,p1.board3@hoa.local,12345678,password1234,Same person exists in admins + homeowners + hoa_officers + homeowner_positions
Officer + Homeowner,Phase 1,Board of Director,Ivan J. Torres,p1.board4@hoa.local,12345678,password1234,Same person exists in admins + homeowners + hoa_officers + homeowner_positions
Officer + Homeowner,Phase 1,Board of Director,Julia A. Ramos,p1.board5@hoa.local,12345678,password1234,Same person exists in admins + homeowners + hoa_officers + homeowner_positions
Officer + Homeowner,Phase 1,Board of Director,Kevin B. Bautista,p1.board6@hoa.local,12345678,password1234,Same person exists in admins + homeowners + hoa_officers + homeowner_positions
Regular Homeowner,Phase 1,Homeowner,Liam C. Domingo,p1.homeowner12@hoa.local,,password1234,Homeowner login only
Regular Homeowner,Phase 1,Homeowner,Mia R. Salazar,p1.homeowner13@hoa.local,,password1234,Homeowner login only
Regular Homeowner,Phase 1,Homeowner,Noah P. Evangelista,p1.homeowner14@hoa.local,,password1234,Homeowner login only
Regular Homeowner,Phase 1,Homeowner,Olivia T. Mercado,p1.homeowner15@hoa.local,,password1234,Homeowner login only
Officer + Homeowner,Phase 2,President,Lara S. Villanueva,p2.president@hoa.local,12345678,password1234,Same person exists in admins + homeowners + hoa_officers + homeowner_positions
Officer + Homeowner,Phase 2,Vice President,Marco V. Aquino,p2.vicepresident@hoa.local,12345678,password1234,Same person exists in admins + homeowners + hoa_officers + homeowner_positions
Officer + Homeowner,Phase 2,Secretary,Nina F. Castillo,p2.secretary@hoa.local,12345678,password1234,Same person exists in admins + homeowners + hoa_officers + homeowner_positions
Officer + Homeowner,Phase 2,Treasurer,Owen M. Pascual,p2.treasurer@hoa.local,12345678,password1234,Same person exists in admins + homeowners + hoa_officers + homeowner_positions
Officer + Homeowner,Phase 2,Auditor,Paula K. Dizon,p2.auditor@hoa.local,12345678,password1234,Same person exists in admins + homeowners + hoa_officers + homeowner_positions
Officer + Homeowner,Phase 2,Board of Director,Rafael L. Chua,p2.board1@hoa.local,12345678,password1234,Same person exists in admins + homeowners + hoa_officers + homeowner_positions
Officer + Homeowner,Phase 2,Board of Director,Sofia D. Valdez,p2.board2@hoa.local,12345678,password1234,Same person exists in admins + homeowners + hoa_officers + homeowner_positions
Officer + Homeowner,Phase 2,Board of Director,Tristan R. Lopez,p2.board3@hoa.local,12345678,password1234,Same person exists in admins + homeowners + hoa_officers + homeowner_positions
Officer + Homeowner,Phase 2,Board of Director,Ursula P. Tan,p2.board4@hoa.local,12345678,password1234,Same person exists in admins + homeowners + hoa_officers + homeowner_positions
Officer + Homeowner,Phase 2,Board of Director,Victor N. Ong,p2.board5@hoa.local,12345678,password1234,Same person exists in admins + homeowners + hoa_officers + homeowner_positions
Officer + Homeowner,Phase 2,Board of Director,Wendy C. Yu,p2.board6@hoa.local,12345678,password1234,Same person exists in admins + homeowners + hoa_officers + homeowner_positions
Regular Homeowner,Phase 2,Homeowner,Peter A. Dominguez,p2.homeowner12@hoa.local,,password1234,Homeowner login only
Regular Homeowner,Phase 2,Homeowner,Queenie L. Sarmiento,p2.homeowner13@hoa.local,,password1234,Homeowner login only
Regular Homeowner,Phase 2,Homeowner,Ryan M. Andrada,p2.homeowner14@hoa.local,,password1234,Homeowner login only
Regular Homeowner,Phase 2,Homeowner,Sarah D. Manalo,p2.homeowner15@hoa.local,,password1234,Homeowner login only
Officer + Homeowner,Phase 3,President,Xavier A. Delgado,p3.president@hoa.local,12345678,password1234,Same person exists in admins + homeowners + hoa_officers + homeowner_positions
Officer + Homeowner,Phase 3,Vice President,Yvonne S. Bautista,p3.vicepresident@hoa.local,12345678,password1234,Same person exists in admins + homeowners + hoa_officers + homeowner_positions
Officer + Homeowner,Phase 3,Secretary,Zachary P. Flores,p3.secretary@hoa.local,12345678,password1234,Same person exists in admins + homeowners + hoa_officers + homeowner_positions
Officer + Homeowner,Phase 3,Treasurer,Angela M. Mercado,p3.treasurer@hoa.local,12345678,password1234,Same person exists in admins + homeowners + hoa_officers + homeowner_positions
Officer + Homeowner,Phase 3,Auditor,Brandon L. Gomez,p3.auditor@hoa.local,12345678,password1234,Same person exists in admins + homeowners + hoa_officers + homeowner_positions
Officer + Homeowner,Phase 3,Board of Director,Camille A. Sison,p3.board1@hoa.local,12345678,password1234,Same person exists in admins + homeowners + hoa_officers + homeowner_positions
Officer + Homeowner,Phase 3,Board of Director,Daniel M. Herrera,p3.board2@hoa.local,12345678,password1234,Same person exists in admins + homeowners + hoa_officers + homeowner_positions
Officer + Homeowner,Phase 3,Board of Director,Erica G. Pineda,p3.board3@hoa.local,12345678,password1234,Same person exists in admins + homeowners + hoa_officers + homeowner_positions
Officer + Homeowner,Phase 3,Board of Director,Francis C. Marquez,p3.board4@hoa.local,12345678,password1234,Same person exists in admins + homeowners + hoa_officers + homeowner_positions
Officer + Homeowner,Phase 3,Board of Director,Grace R. Velasco,p3.board5@hoa.local,12345678,password1234,Same person exists in admins + homeowners + hoa_officers + homeowner_positions
Officer + Homeowner,Phase 3,Board of Director,Henry T. Fernandez,p3.board6@hoa.local,12345678,password1234,Same person exists in admins + homeowners + hoa_officers + homeowner_positions
Regular Homeowner,Phase 3,Homeowner,Theo G. Rosales,p3.homeowner12@hoa.local,,password1234,Homeowner login only
Regular Homeowner,Phase 3,Homeowner,Uma P. Serrano,p3.homeowner13@hoa.local,,password1234,Homeowner login only
Regular Homeowner,Phase 3,Homeowner,Vince R. Padilla,p3.homeowner14@hoa.local,,password1234,Homeowner login only
Regular Homeowner,Phase 3,Homeowner,Wella M. Alcantara,p3.homeowner15@hoa.local,,password1234,Homeowner login only
